,location,date,total_cases,new_cases,total_deaths,new_deaths
121130,United States,1/22/20,1,0,0,0
121131,United States,1/23/20,1,0,0,0
121132,United States,1/24/20,2,1,0,0
121133,United States,1/25/20,2,0,0,0
121134,United States,1/26/20,5,3,0,0
121135,United States,1/27/20,5,0,0,0
121136,United States,1/28/20,5,0,0,0
121137,United States,1/29/20,6,1,0,0
121138,United States,1/30/20,6,0,0,0
121139,United States,1/31/20,8,2,0,0
121140,United States,2/1/20,8,0,0,0
121141,United States,2/2/20,8,0,0,0
121142,United States,2/3/20,11,3,0,0
121143,United States,2/4/20,11,0,0,0
121144,United States,2/5/20,11,0,0,0
121145,United States,2/6/20,12,1,0,0
121146,United States,2/7/20,12,0,0,0
121147,United States,2/8/20,12,0,0,0
121148,United States,2/9/20,12,0,0,0
121149,United States,2/10/20,12,0,0,0
121150,United States,2/11/20,13,1,0,0
121151,United States,2/12/20,13,0,0,0
121152,United States,2/13/20,14,1,0,0
121153,United States,2/14/20,14,0,0,0
121154,United States,2/15/20,14,0,0,0
121155,United States,2/16/20,14,0,0,0
121156,United States,2/17/20,14,0,0,0
121157,United States,2/18/20,14,0,0,0
121158,United States,2/19/20,14,0,0,0
121159,United States,2/20/20,14,0,0,0
121160,United States,2/21/20,16,2,0,0
121161,United States,2/22/20,16,0,0,0
121162,United States,2/23/20,16,0,0,0
121163,United States,2/24/20,16,0,0,0
121164,United States,2/25/20,16,0,0,0
121165,United States,2/26/20,16,0,0,0
121166,United States,2/27/20,17,1,0,0
121167,United States,2/28/20,17,0,0,0
121168,United States,2/29/20,25,8,1,1
121169,United States,3/1/20,32,7,1,0
121170,United States,3/2/20,55,23,6,5
121171,United States,3/3/20,74,19,7,1
121172,United States,3/4/20,107,33,11,4
121173,United States,3/5/20,184,77,12,1
121174,United States,3/6/20,237,53,14,2
121175,United States,3/7/20,403,166,17,3
121176,United States,3/8/20,519,116,21,4
121177,United States,3/9/20,594,75,22,1
121178,United States,3/10/20,782,188,28,6
121179,United States,3/11/20,1147,365,33,5
121180,United States,3/12/20,1586,439,43,10
121181,United States,3/13/20,2219,633,51,8
121182,United States,3/14/20,2978,759,58,7
121183,United States,3/15/20,3212,234,70,12
121184,United States,3/16/20,4679,1467,97,27
121185,United States,3/17/20,6512,1833,134,37
121186,United States,3/18/20,9169,2657,194,60
121187,United States,3/19/20,13663,4494,266,72
121188,United States,3/20/20,20030,6367,372,106
121189,United States,3/21/20,26025,5995,475,103
121190,United States,3/22/20,34944,8919,603,128
121191,United States,3/23/20,46096,11152,790,187
121192,United States,3/24/20,56714,10618,1033,243
121193,United States,3/25/20,68841,12127,1366,333
121194,United States,3/26/20,86662,17821,1783,417
121195,United States,3/27/20,105253,18591,2305,522
121196,United States,3/28/20,127417,22164,3018,713
121197,United States,3/29/20,143544,16127,3573,555
121198,United States,3/30/20,165698,22154,4280,707
121199,United States,3/31/20,192079,26381,5359,1079
121200,United States,4/1/20,224397,32318,6635,1276
121201,United States,4/2/20,256743,32346,8146,1511
121202,United States,4/3/20,289139,32396,9566,1420
121203,United States,4/4/20,321476,32337,11172,1606
121204,United States,4/5/20,350830,29354,12790,1618
121205,United States,4/6/20,382724,31894,14523,1733
121206,United States,4/7/20,413272,30548,17099,2576
121207,United States,4/8/20,444417,31145,19250,2151
121208,United States,4/9/20,480511,36094,21463,2213
121209,United States,4/10/20,514755,34244,23649,2186
121210,United States,4/11/20,543946,29191,25790,2141
121211,United States,4/12/20,570855,26909,27679,1889
121212,United States,4/13/20,597846,26991,29657,1978
121213,United States,4/14/20,626300,28454,32132,2475
121214,United States,4/15/20,652261,25961,34719,2587
121215,United States,4/16/20,682517,30256,36908,2189
121216,United States,4/17/20,715517,33000,39007,2099
121217,United States,4/18/20,743434,27917,40951,1944
121218,United States,4/19/20,769306,25872,42934,1983
121219,United States,4/20/20,799096,29790,45179,2245
121220,United States,4/21/20,825366,26270,47662,2483
121221,United States,4/22/20,854328,28962,50119,2457
121222,United States,4/23/20,887581,33253,52543,2424
121223,United States,4/24/20,919920,32339,54712,2169
121224,United States,4/25/20,950298,30378,56444,1732
121225,United States,4/26/20,976971,26673,57850,1406
121226,United States,4/27/20,1000764,23793,59330,1480
121227,United States,4/28/20,1025527,24763,61571,2241
121228,United States,4/29/20,1051785,26258,63962,2391
121229,United States,4/30/20,1081074,29289,66154,2192
121230,United States,5/1/20,1115991,34917,68063,1909
121231,United States,5/2/20,1143379,27388,69804,1741
121232,United States,5/3/20,1167577,24198,71007,1203
121233,United States,5/4/20,1191908,24331,72365,1358
121234,United States,5/5/20,1216403,24495,74586,2221
121235,United States,5/6/20,1240643,24240,76905,2319
121236,United States,5/7/20,1268372,27729,78822,1917
121237,United States,5/8/20,1295629,27257,80594,1772
121238,United States,5/9/20,1320210,24581,82058,1464
121239,United States,5/10/20,1339260,19050,83059,1001
121240,United States,5/11/20,1358249,18989,84093,1034
121241,United States,5/12/20,1381136,22887,85684,1591
121242,United States,5/13/20,1401769,20633,87416,1732
121243,United States,5/14/20,1428388,26619,89197,1781
121244,United States,5/15/20,1453217,24829,90862,1665
121245,United States,5/16/20,1477370,24153,92060,1198
121246,United States,5/17/20,1496009,18639,92891,831
121247,United States,5/18/20,1518333,22324,94110,1219
121248,United States,5/19/20,1539142,20809,95555,1445
121249,United States,5/20/20,1561937,22795,97052,1497
121250,United States,5/21/20,1587899,25962,98246,1194
121251,United States,5/22/20,1611502,23603,99450,1204
121252,United States,5/23/20,1632503,21001,100524,1074
121253,United States,5/24/20,1652951,20448,101165,641
121254,United States,5/25/20,1671394,18443,101762,597
121255,United States,5/26/20,1690367,18973,102418,656
121256,United States,5/27/20,1709857,19490,103896,1478
121257,United States,5/28/20,1731479,21622,104985,1089
121258,United States,5/29/20,1756267,24788,106103,1118
121259,United States,5/30/20,1780340,24073,107053,950
121260,United States,5/31/20,1799674,19334,107674,621
121261,United States,6/1/20,1816752,17078,108445,771
121262,United States,6/2/20,1838068,21316,109428,983
121263,United States,6/3/20,1857852,19784,110437,1009
121264,United States,6/4/20,1879605,21753,111443,1006
121265,United States,6/5/20,1904615,25010,112321,878
121266,United States,6/6/20,1925849,21234,112958,637
121267,United States,6/7/20,1944248,18399,113415,457
121268,United States,6/8/20,1960815,16567,113926,511
121269,United States,6/9/20,1978933,18118,114840,914
121270,United States,6/10/20,2000019,21086,115716,876
121271,United States,6/11/20,2022421,22402,116532,816
121272,United States,6/12/20,2047703,25282,117355,823
121273,United States,6/13/20,2072697,24994,118077,722
121274,United States,6/14/20,2092028,19331,118424,347
121275,United States,6/15/20,2110611,18583,118825,401
121276,United States,6/16/20,2134512,23901,119612,787
121277,United States,6/17/20,2161852,27340,120360,748
121278,United States,6/18/20,2190129,28277,121058,698
121279,United States,6/19/20,2221814,31685,121684,626
121280,United States,6/20/20,2254348,32534,122257,573
121281,United States,6/21/20,2280415,26067,122574,317
121282,United States,6/22/20,2311571,31156,122952,378
121283,United States,6/23/20,2348837,37266,123691,739
121284,United States,6/24/20,2385049,36212,124446,755
121285,United States,6/25/20,2425309,40260,124994,548
121286,United States,6/26/20,2471627,46318,125620,626
121287,United States,6/27/20,2513323,41696,126116,496
121288,United States,6/28/20,2555119,41796,126437,321
121289,United States,6/29/20,2594822,39703,126806,369
121290,United States,6/30/20,2643190,48368,127365,559
121291,United States,7/1/20,2694756,51566,128063,698
121292,United States,7/2/20,2751126,56370,128802,739
121293,United States,7/3/20,2803744,52618,129479,677
121294,United States,7/4/20,2852567,48823,129781,302
121295,United States,7/5/20,2902903,50336,130103,322
121296,United States,7/6/20,2945911,43008,130474,371
121297,United States,7/7/20,3004765,58854,131616,1142
121298,United States,7/8/20,3064410,59645,132457,841
121299,United States,7/9/20,3125363,60953,133488,1031
121300,United States,7/10/20,3193161,67798,134304,816
121301,United States,7/11/20,3254420,61259,135058,754
121302,United States,7/12/20,3315005,60585,135531,473
121303,United States,7/13/20,3372731,57726,135966,435
121304,United States,7/14/20,3439203,66472,136862,896
121305,United States,7/15/20,3507143,67940,137827,965
121306,United States,7/16/20,3583187,76044,138788,961
121307,United States,7/17/20,3655364,72177,139703,915
121308,United States,7/18/20,3719069,63705,140585,882
121309,United States,7/19/20,3780324,61255,141061,476
121310,United States,7/20/20,3840824,60500,141590,529
121311,United States,7/21/20,3906370,65546,142686,1096
121312,United States,7/22/20,3976747,70377,143911,1225
121313,United States,7/23/20,4044979,68232,144997,1086
121314,United States,7/24/20,4119115,74136,146091,1094
121315,United States,7/25/20,4185866,66751,147060,969
121316,United States,7/26/20,4241872,56006,147594,534
121317,United States,7/27/20,4298449,56577,148694,1100
121318,United States,7/28/20,4362085,63636,149916,1222
121319,United States,7/29/20,4430547,68462,151356,1440
121320,United States,7/30/20,4498467,67920,152645,1289
121321,United States,7/31/20,4566903,68436,153828,1183
121322,United States,8/1/20,4625838,58935,154947,1119
121323,United States,8/2/20,4671771,45933,155404,457
121324,United States,8/3/20,4717306,45535,155963,559
121325,United States,8/4/20,4772241,54935,157218,1255
121326,United States,8/5/20,4828127,55886,158626,1408
121327,United States,8/6/20,4885336,57209,159807,1181
121328,United States,8/7/20,4946417,61081,161098,1291
121329,United States,8/8/20,5001425,55008,162185,1087
121330,United States,8/9/20,5049446,48021,162757,572
121331,United States,8/10/20,5094937,45491,163274,517
121332,United States,8/11/20,5147508,52571,164371,1097
121333,United States,8/12/20,5200309,52801,165886,1515
121334,United States,8/13/20,5251789,51480,166924,1038
121335,United States,8/14/20,5316838,65049,168233,1309
121336,United States,8/15/20,5366472,49634,169278,1045
121337,United States,8/16/20,5406451,39979,169886,608
121338,United States,8/17/20,5442217,35766,170355,469
121339,United States,8/18/20,5485059,42842,171578,1223
121340,United States,8/19/20,5529324,44265,172865,1287
121341,United States,8/20/20,5573916,44592,173972,1107
121342,United States,8/21/20,5622702,48786,175073,1101
121343,United States,8/22/20,5667064,44362,176052,979
121344,United States,8/23/20,5701560,34496,176547,495
121345,United States,8/24/20,5736492,34932,176989,442
121346,United States,8/25/20,5777375,40883,178223,1234
121347,United States,8/26/20,5821346,43971,179401,1178
121348,United States,8/27/20,5867337,45991,180516,1115
121349,United States,8/28/20,5913867,46530,181457,941
121350,United States,8/29/20,5958090,44223,182440,983
121351,United States,8/30/20,5992910,34820,182889,449
121352,United States,8/31/20,6025632,32722,183383,494
121353,United States,9/1/20,6068478,42846,184444,1061
121354,United States,9/2/20,6109206,40728,185496,1052
121355,United States,9/3/20,6153554,44348,186527,1031
121356,United States,9/4/20,6204241,50687,187506,979
121357,United States,9/5/20,6247636,43395,188326,820
121358,United States,9/6/20,6278625,30989,188766,440
121359,United States,9/7/20,6302685,24060,189086,320
121360,United States,9/8/20,6328333,25648,189554,468
121361,United States,9/9/20,6362736,34403,190659,1105
121362,United States,9/10/20,6398687,35951,191583,924
121363,United States,9/11/20,6446681,47994,192739,1156
121364,United States,9/12/20,6488381,41700,193488,749
121365,United States,9/13/20,6522832,34451,193888,400
121366,United States,9/14/20,6556115,33283,194311,423
121367,United States,9/15/20,6595597,39482,195513,1202
121368,United States,9/16/20,6634524,38927,196468,955
121369,United States,9/17/20,6679747,45223,197334,866
121370,United States,9/18/20,6728902,49155,198294,960
121371,United States,9/19/20,6771486,42584,199005,711
121372,United States,9/20/20,6810386,38900,199275,270
121373,United States,9/21/20,6861138,50752,199688,413
121374,United States,9/22/20,6901230,40092,200723,1035
121375,United States,9/23/20,6940160,38930,201788,1065
121376,United States,9/24/20,6987548,47388,202695,907
121377,United States,9/25/20,7035930,48382,203610,915
121378,United States,9/26/20,7080877,44947,204393,783
121379,United States,9/27/20,7118953,38076,204705,312
121380,United States,9/28/20,7151637,32684,205046,341
121381,United States,9/29/20,7195221,43584,205948,902
121382,United States,9/30/20,7234345,39124,206880,932
121383,United States,10/1/20,7280344,45999,207796,916
121384,United States,10/2/20,7335510,55166,208637,841
121385,United States,10/3/20,7385007,49497,209323,686
121386,United States,10/4/20,7420567,35560,209692,369
121387,United States,10/5/20,7458908,38341,210174,482
121388,United States,10/6/20,7504315,45407,210875,701
121389,United States,10/7/20,7555459,51144,211794,919
121390,United States,10/8/20,7614507,59048,212776,982
121391,United States,10/9/20,7671215,56708,213749,973
121392,United States,10/10/20,7726715,55500,214409,660
121393,United States,10/11/20,7773398,46683,214876,467
121394,United States,10/12/20,7814997,41599,215274,398
121395,United States,10/13/20,7866589,51592,216051,777
121396,United States,10/14/20,7925900,59311,217050,999
121397,United States,10/15/20,7990983,65083,217895,845
121398,United States,10/16/20,8060131,69148,218838,943
121399,United States,10/17/20,8117452,57321,219658,820
121400,United States,10/18/20,8168271,50819,220121,463
121401,United States,10/19/20,8235368,67097,220611,490
121402,United States,10/20/20,8297095,61727,221548,937
121403,United States,10/21/20,8360281,63186,222722,1174
121404,United States,10/22/20,8436514,76233,223579,857
121405,United States,10/23/20,8519059,82545,224529,950
121406,United States,10/24/20,8602374,83315,225492,963
121407,United States,10/25/20,8664699,62325,225950,458
121408,United States,10/26/20,8731443,66744,226472,522
121409,United States,10/27/20,8808502,77059,227483,1011
121410,United States,10/28/20,8887847,79345,228517,1034
121411,United States,10/29/20,8978859,91012,229520,1003
121412,United States,10/30/20,9078960,100101,230584,1064
121413,United States,10/31/20,9169330,90370,231515,931
121414,United States,11/1/20,9274571,105241,232018,503
121415,United States,11/2/20,9358669,84098,232575,557
121416,United States,11/3/20,9486459,127790,234172,1597
121417,United States,11/4/20,9590613,104154,235292,1120
121418,United States,11/5/20,9720526,129913,236457,1165
121419,United States,11/6/20,9848433,127907,237671,1214
121420,United States,11/7/20,9979772,131339,238788,1117
121421,United States,11/8/20,10094572,114800,239351,563
121422,United States,11/9/20,10213908,119336,240110,759
121423,United States,11/10/20,10354000,140092,241526,1416
121424,United States,11/11/20,10502788,148788,242969,1443
121425,United States,11/12/20,10665145,162357,244173,1204
121426,United States,11/13/20,10846257,181112,245373,1200
121427,United States,11/14/20,11017352,171095,246746,1373
121428,United States,11/15/20,11154391,137039,247534,788
121429,United States,11/16/20,11315235,160844,248348,814
121430,United States,11/17/20,11479086,163851,250057,1709
121431,United States,11/18/20,11652664,173578,251999,1942
121432,United States,11/19/20,11844447,191783,254041,2042
121433,United States,11/20/20,12045739,201292,255990,1949
121434,United States,11/21/20,12226689,180950,257628,1638
121435,United States,11/22/20,12372963,146274,258689,1061
121436,United States,11/23/20,12546216,173253,259762,1073
121437,United States,11/24/20,12723633,177417,261898,2136
121438,United States,11/25/20,12908349,184716,264151,2253
121439,United States,11/26/20,13025653,117304,265554,1403
121440,United States,11/27/20,13229643,203990,267106,1552
121441,United States,11/28/20,13387355,157712,268464,1358
121442,United States,11/29/20,13527844,140489,269515,1051
121443,United States,11/30/20,13684735,156891,270827,1312
121444,United States,12/1/20,13878701,193966,273379,2552
121445,United States,12/2/20,14082956,204255,276209,2830
121446,United States,12/3/20,14307578,224622,279178,2969
121447,United States,12/4/20,14542402,234824,281790,2612
121448,United States,12/5/20,14763205,220803,284180,2390
121449,United States,12/6/20,14941876,178671,285583,1403
121450,United States,12/7/20,15133574,191698,287142,1559
121451,United States,12/8/20,15364279,230705,289725,2583
121452,United States,12/9/20,15585972,221693,292906,3181
121453,United States,12/10/20,15820364,234392,295892,2986
121454,United States,12/11/20,16061234,240870,299273,3381
121455,United States,12/12/20,16281363,220129,301806,2533
121456,United States,12/13/20,16468337,186974,303465,1659
121457,United States,12/14/20,16670453,202116,305114,1649
121458,United States,12/15/20,16892093,221640,308101,2987
121459,United States,12/16/20,17132688,240595,311834,3733
121460,United States,12/17/20,17370374,237686,315284,3450
121461,United States,12/18/20,17619011,248637,318226,2942
121462,United States,12/19/20,17820296,201285,320980,2754
121463,United States,12/20/20,18005740,185444,322749,1769
121464,United States,12/21/20,18197181,191441,324546,1797
121465,United States,12/22/20,18398572,201391,327844,3298
121466,United States,12/23/20,18624158,225586,331223,3379
121467,United States,12/24/20,18829553,205395,334145,2922
121468,United States,12/25/20,18937570,108017,335650,1505
121469,United States,12/26/20,19156240,218670,337563,1913
121470,United States,12/27/20,19310865,154625,339001,1438
121471,United States,12/28/20,19479013,168148,340878,1877
121472,United States,12/29/20,19680431,201418,344494,3616
121473,United States,12/30/20,19902410,221979,348427,3933
121474,United States,12/31/20,20161386,258976,351754,3327
121475,United States,1/1/21,20326157,164771,353948,2194
121476,United States,1/2/21,20622795,296638,356547,2599
121477,United States,1/3/21,20826045,203250,357984,1437
121478,United States,1/4/21,21008922,182877,359964,1980
121479,United States,1/5/21,21240340,231418,363568,3604
121480,United States,1/6/21,21496876,256536,367491,3923
121481,United States,1/7/21,21785703,288827,371519,4028
121482,United States,1/8/21,22088890,303187,375708,4189
121483,United States,1/9/21,22348085,259195,378964,3256
121484,United States,1/10/21,22560904,212819,381068,2104
121485,United States,1/11/21,22773098,212194,382904,1836
121486,United States,1/12/21,22991671,218573,387293,4389
121487,United States,1/13/21,23221281,229610,391311,4018
121488,United States,1/14/21,23460011,238730,395103,3792
121489,United States,1/15/21,23706409,246398,398915,3812
121490,United States,1/16/21,23914566,208157,402492,3577
121491,United States,1/17/21,24091015,176449,404483,1991
121492,United States,1/18/21,24231872,140857,406048,1565
121493,United States,1/19/21,24397417,165545,408449,2401
121494,United States,1/20/21,24582810,185393,412891,4442
121495,United States,1/21/21,24774913,192103,417028,4137
121496,United States,1/22/21,24964373,189460,420805,3777
121497,United States,1/23/21,25138669,174296,424361,3556
121498,United States,1/24/21,25276335,137666,426219,1858
121499,United States,1/25/21,25419369,143034,427989,1770
121500,United States,1/26/21,25563791,144422,431971,3982
121501,United States,1/27/21,25719189,155398,436099,4128
121502,United States,1/28/21,25885870,166681,439949,3850
121503,United States,1/29/21,26052723,166853,443548,3599
121504,United States,1/30/21,26197517,144794,446449,2901
121505,United States,1/31/21,26312715,115198,448406,1957
121506,United States,2/1/21,26442419,129704,450183,1777
121507,United States,2/2/21,26556742,114323,453716,3533
121508,United States,2/3/21,26679898,123156,457633,3917
121509,United States,2/4/21,26803884,123986,461517,3884
121510,United States,2/5/21,26935245,131361,465191,3674
121511,United States,2/6/21,27046022,110777,467928,2737
121512,United States,2/7/21,27137548,91526,469405,1477
121513,United States,2/8/21,27223334,85786,470856,1451
121514,United States,2/9/21,27317764,94430,473921,3065
121515,United States,2/10/21,27413676,95912,477328,3407
121516,United States,2/11/21,27519847,106171,480519,3191
121517,United States,2/12/21,27619691,99844,483403,2884
121518,United States,2/13/21,27708308,88617,485699,2296
121519,United States,2/14/21,27774636,66328,486897,1198
121520,United States,2/15/21,27829144,54508,487846,949
121521,United States,2/16/21,27888337,59193,489490,1644
121522,United States,2/17/21,27958417,70080,491936,2446
121523,United States,2/18/21,28029734,71317,494543,2607
121524,United States,2/19/21,28107892,78158,497078,2535
121525,United States,2/20/21,28181040,73148,499011,1933
121526,United States,2/21/21,28238826,57786,500238,1227
121527,United States,2/22/21,28294019,55193,501439,1201
121528,United States,2/23/21,28365970,71951,503715,2276
121529,United States,2/24/21,28441009,75039,506979,3264
121530,United States,2/25/21,28519015,78006,509409,2430
121531,United States,2/26/21,28597388,78373,511564,2155
121532,United States,2/27/21,28662937,65549,513085,1521
121533,United States,2/28/21,28714781,51844,514192,1107
121534,United States,3/1/21,28769971,55190,515511,1319
121535,United States,3/2/21,28826968,56997,517444,1933
121536,United States,3/3/21,28894141,67173,520025,2581
121537,United States,3/4/21,28962424,68283,521977,1952
121538,United States,3/5/21,29029393,66969,523700,1723
121539,United States,3/6/21,29088254,58861,525231,1531
121540,United States,3/7/21,29130483,42229,525942,711
121541,United States,3/8/21,29175281,44798,526647,705
121542,United States,3/9/21,29230951,55670,528431,1784
121543,United States,3/10/21,29289144,58193,530003,1572
121544,United States,3/11/21,29351931,62787,531577,1574
121545,United States,3/12/21,29413915,61984,533008,1431
121546,United States,3/13/21,29467120,53205,534005,997
121547,United States,3/14/21,29505832,38712,534537,532
121548,United States,3/15/21,29561086,55254,535237,700
121549,United States,3/16/21,29615419,54333,536498,1261
121550,United States,3/17/21,29674825,59406,537715,1217
121551,United States,3/18/21,29735195,60370,539363,1648
121552,United States,3/19/21,29797202,62007,540409,1046
121553,United States,3/20/21,29853842,56640,541182,773
121554,United States,3/21/21,29888457,34615,541972,790
121555,United States,3/22/21,29938592,50135,542505,533
121556,United States,3/23/21,29992006,53414,543450,945
121557,United States,3/24/21,30078810,86804,544985,1535
121558,United States,3/25/21,30146695,67885,546343,1358
121559,United States,3/26/21,30224190,77495,547511,1168
121560,United States,3/27/21,30288044,63854,548325,814
121561,United States,3/28/21,30331697,43653,548775,450
121562,United States,3/29/21,30400059,68362,549429,654
121563,United States,3/30/21,30461299,61240,550354,925
121564,United States,3/31/21,30528170,66871,551455,1101
121565,United States,4/1/21,30607364,79194,552578,1123
121566,United States,4/2/21,30678301,70937,553479,901
121567,United States,4/3/21,30742379,64078,554250,771
121568,United States,4/4/21,30778461,36082,554539,289
121569,United States,4/5/21,30853146,74685,555010,471
121570,United States,4/6/21,30914082,60936,555874,864
121571,United States,4/7/21,30989113,75031,558468,2594
121572,United States,4/8/21,31069253,80140,559511,1043
121573,United States,4/9/21,31153477,84224,560421,910
121574,United States,4/10/21,31222167,68690,561145,724
121575,United States,4/11/21,31268255,46088,561430,285
121576,United States,4/12/21,31336554,68299,561882,452
121577,United States,4/13/21,31414638,78084,562759,877
121578,United States,4/14/21,31490292,75654,563695,936
121579,United States,4/15/21,31564290,73998,564600,905
121580,United States,4/16/21,31644580,80290,565461,861
121581,United States,4/17/21,31697943,53363,566169,708
121582,United States,4/18/21,31740550,42607,566498,329
121583,United States,4/19/21,31807733,67183,567002,504
121584,United States,4/20/21,31868518,60785,567849,847
121585,United States,4/21/21,31932343,63825,568738,889
121586,United States,4/22/21,31998861,66518,569683,945
121587,United States,4/23/21,32061149,62288,570445,762
121588,United States,4/24/21,32114961,53812,571209,764
121589,United States,4/25/21,32148626,33665,571503,294
121590,United States,4/26/21,32195130,46504,571976,473
121591,United States,4/27/21,32245608,50478,572652,676
121592,United States,4/28/21,32300884,55276,573646,994
121593,United States,4/29/21,32359397,58513,574539,893
121594,United States,4/30/21,32417504,58107,575347,808
121595,United States,5/1/21,32463748,46244,576092,745
121596,United States,5/2/21,32493515,29767,576413,321
121597,United States,5/3/21,32543078,49563,576886,473
121598,United States,5/4/21,32583188,40110,577798,912
121599,United States,5/5/21,32628431,45243,578611,813
121600,United States,5/6/21,32676229,47798,579438,827
121601,United States,5/7/21,32723865,47636,580262,824
121602,United States,5/8/21,32758122,34257,580897,635
121603,United States,5/9/21,32780010,21888,581136,239
121604,United States,5/10/21,32815842,35832,581535,399
121605,United States,5/11/21,32849463,33621,582235,700
121606,United States,5/12/21,32885395,35932,583033,798
121607,United States,5/13/21,32924355,38960,583823,790
121608,United States,5/14/21,32965982,41627,584455,632
121609,United States,5/15/21,32995339,29357,584984,529
121610,United States,5/16/21,33012580,17241,585248,264
121611,United States,5/17/21,33040965,28385,585642,394
121612,United States,5/18/21,33068408,27443,586422,780
121613,United States,5/19/21,33097695,29287,587106,684
121614,United States,5/20/21,33127889,30194,587790,684
121615,United States,5/21/21,33156068,28179,588425,635
121616,United States,5/22/21,33176515,20447,588909,484
121617,United States,5/23/21,33189839,13324,589099,190
121618,United States,5/24/21,33214847,25008,589537,438
121619,United States,5/25/21,33237491,22644,590184,647
121620,United States,5/26/21,33261863,24372,591161,977
121621,United States,5/27/21,33289216,27353,592516,1355
121622,United States,5/28/21,33310966,21750,593056,540
121623,United States,5/29/21,33323446,12480,593406,350
121624,United States,5/30/21,33330377,6931,593535,129
121625,United States,5/31/21,33336289,5912,593693,158
121626,United States,6/1/21,33358420,22131,594356,663
121627,United States,6/2/21,33375361,16941,594920,564
121628,United States,6/3/21,33394573,19212,595559,639
121629,United States,6/4/21,33411494,16921,596086,527
121630,United States,6/5/21,33425836,14342,596667,581
121631,United States,6/6/21,33431523,5687,596824,157
121632,United States,6/7/21,33446649,15126,597137,313
121633,United States,6/8/21,33459494,12845,597468,331
121634,United States,6/9/21,33478407,18913,597948,480
121635,United States,6/10/21,33492843,14436,598366,418
121636,United States,6/11/21,33517590,24747,598905,539
121637,United States,6/12/21,33526285,8695,599181,276
121638,United States,6/13/21,33531515,5230,599285,104
121639,United States,6/14/21,33543831,12316,599465,180
121640,United States,6/15/21,33554681,10850,599799,334
121641,United States,6/16/21,33567251,12570,600182,383
121642,United States,6/17/21,33577885,10634,600499,317
121643,United States,6/18/21,33599176,21291,601113,614
121644,United States,6/19/21,33607600,8424,601288,175
121645,United States,6/20/21,33612070,4470,601358,70
121646,United States,6/21/21,33623765,11695,601623,265
121647,United States,6/22/21,33634490,10725,601974,351
121648,United States,6/23/21,33647534,13044,602373,399
121649,United States,6/24/21,33661332,13798,602713,340
121650,United States,6/25/21,33685609,24277,603236,523
121651,United States,6/26/21,33694266,8657,603393,157
121652,United States,6/27/21,33698535,4269,603463,70
121653,United States,6/28/21,33713137,14602,603615,152
121654,United States,6/29/21,33719856,6719,603952,337
121655,United States,6/30/21,33736137,16281,604247,295
121656,United States,7/1/21,33750712,14575,604533,286
121657,United States,7/2/21,33780062,29350,604968,435
121658,United States,7/3/21,33784714,4652,605050,82
121659,United States,7/4/21,33788490,3776,605088,38
121660,United States,7/5/21,33797298,8808,605210,122
121661,United States,7/6/21,33820686,23388,605523,313
121662,United States,7/7/21,33843255,22569,605844,321
121663,United States,7/8/21,33862417,19162,606092,248
121664,United States,7/9/21,33909853,47436,606554,462
121665,United States,7/10/21,33918200,8347,606637,83
121666,United States,7/11/21,33929291,11091,606746,109
121667,United States,7/12/21,33963024,33733,606985,239
121668,United States,7/13/21,33989334,26310,607344,359
121669,United States,7/14/21,34022426,33092,607676,332
121670,United States,7/15/21,34052220,29794,608002,326
121671,United States,7/16/21,34129599,77379,608360,358
121672,United States,7/17/21,34141364,11765,608427,67
121673,United States,7/18/21,34161265,19901,608600,173
121674,United States,7/19/21,34213835,52570,608800,200
121675,United States,7/20/21,34254290,40455,609092,292
121676,United States,7/21/21,34304778,50488,609444,352
121677,United States,7/22/21,34359576,54798,609738,294
121678,United States,7/23/21,34478765,119189,610298,560
121679,United States,7/24/21,34503827,25062,610417,119
121680,United States,7/25/21,34529226,25399,610502,85
121681,United States,7/26/21,34616249,87023,610767,265
121682,United States,7/27/21,34684737,68488,611216,449
121683,United States,7/28/21,34753898,69161,611597,381
121684,United States,7/29/21,34833488,79590,611924,327
121685,United States,7/30/21,35021393,187905,612797,873
121686,United States,7/31/21,35052864,31471,612950,153
121687,United States,8/1/21,35096525,43661,613163,213
121688,United States,8/2/21,35217305,120780,613524,361
121689,United States,8/3/21,35320125,102820,614107,583
121690,United States,8/4/21,35417070,96945,614640,533
121691,United States,8/5/21,35527794,110724,615144,504
121692,United States,8/6/21,35782952,255158,616298,1154
121693,United States,8/7/21,35831750,48798,616546,248
121694,United States,8/8/21,35858351,26601,616660,114
121695,United States,8/9/21,36039663,181312,617166,506
121696,United States,8/10/21,36160726,121063,618031,865
121697,United States,8/11/21,36316842,156116,618810,779
121698,United States,8/12/21,36458917,142075,619822,1012
121699,United States,8/13/21,36688753,229836,620878,1056
121700,United States,8/14/21,36737733,48980,621132,254
121701,United States,8/15/21,36779528,41795,621308,176
121702,United States,8/16/21,36999708,220180,622361,1053
121703,United States,8/17/21,37151975,152267,623388,1027
121704,United States,8/18/21,37310709,158734,624563,1175
121705,United States,8/19/21,37467846,157137,626344,1781
121706,United States,8/20/21,37713559,245713,627822,1478
121707,United States,8/21/21,37779561,66002,628358,536
121708,United States,8/22/21,37815572,36011,628528,170
121709,United States,8/23/21,38053695,238123,629913,1385
121710,United States,8/24/21,38210491,156796,631335,1422
121711,United States,8/25/21,38380283,169792,632825,1490
121712,United States,8/26/21,38564797,184514,635045,2220
121713,United States,8/27/21,38807873,243076,636766,1721
121714,United States,8/28/21,38868540,60667,637386,620
121715,United States,8/29/21,38910694,42154,637656,270
121716,United States,8/30/21,39170746,260052,639420,1764
121717,United States,8/31/21,39341669,170923,640863,1443
121718,United States,9/1/21,39543669,202000,642897,2034
121719,United States,9/2/21,39719542,175873,645849,2952
121720,United States,9/3/21,39954441,234899,647816,1967
121721,United States,9/4/21,40018916,64475,648422,606
121722,United States,9/5/21,40059226,40310,648801,379
121723,United States,9/6/21,40134444,75218,649390,589
121724,United States,9/7/21,40411568,277124,651523,2133
121725,United States,9/8/21,40593855,182287,653801,2278
121726,United States,9/9/21,40753706,159851,657082,3281
121727,United States,9/10/21,40981560,227854,659511,2429
121728,United States,9/11/21,41045856,64296,660284,773
121729,United States,9/12/21,41081738,35882,660596,312
121730,United States,9/13/21,41342565,260827,662789,2193
121731,United States,9/14/21,41487643,145078,664715,1926
121732,United States,9/15/21,41658955,171312,667478,2763
121733,United States,9/16/21,41813910,154955,670937,3459
121734,United States,9/17/21,42022016,208106,673382,2445
121735,United States,9/18/21,42078792,56776,674296,914
121736,United States,9/19/21,42115136,36344,674617,321
121737,United States,9/20/21,42316948,201812,676966,2349
121738,United States,9/21/21,42438221,121273,679314,2348
121739,United States,9/22/21,42570666,132445,682158,2844
121740,United States,9/23/21,42696525,125859,685423,3265
121741,United States,9/24/21,42872923,176398,687902,2479
121742,United States,9/25/21,42919678,46755,688647,745
121743,United States,9/26/21,42952572,32894,689159,512
121744,United States,9/27/21,43137633,185061,691524,2365
121745,United States,9/28/21,43247269,109636,693687,2163
121746,United States,9/29/21,43370567,123298,696280,2593
121747,United States,9/30/21,43481192,110625,699061,2781
121748,United States,10/1/21,43638676,157484,701176,2115
121749,United States,10/2/21,43677382,38706,701897,721
121750,United States,10/3/21,43703970,26588,702365,468
121751,United States,10/4/21,43873215,169245,704386,2021
121752,United States,10/5/21,43968483,95268,706283,1897
121753,United States,10/6/21,44079848,111365,708888,2605
121754,United States,10/7/21,44179958,100110,711343,2455
121755,United States,10/8/21,44310589,130631,713145,1802
121756,United States,10/9/21,44338046,27457,713475,330
121757,United States,10/10/21,44361254,23208,713888,413
121758,United States,10/11/21,44477504,116250,715034,1146
121759,United States,10/12/21,44583815,106311,717355,2321
121760,United States,10/13/21,44705283,121468,720531,3176
121761,United States,10/14/21,44791427,86144,722615,2084
121762,United States,10/15/21,44905300,113873,724384,1769
121763,United States,10/16/21,44937003,31703,724813,429
121764,United States,10/17/21,44955672,18669,725193,380
121765,United States,10/18/21,45072243,116571,726942,1749
121766,United States,10/19/21,45153507,81264,729030,2088
121767,United States,10/20/21,45242282,88775,732169,3139
121768,United States,10/21/21,45322443,80161,734090,1921
121769,United States,10/22/21,45421275,98832,735921,1831
121770,United States,10/23/21,45447586,26311,736359,438
121771,United States,10/24/21,45463901,16315,736511,152
121772,United States,10/25/21,45568730,104829,737914,1403
121773,United States,10/26/21,45648701,79971,739453,1539
121774,United States,10/27/21,45748395,99694,741945,2492
121775,United States,10/28/21,45826523,78128,743721,1776
121776,United States,10/29/21,45923884,97361,745377,1656
121777,United States,10/30/21,45953186,29302,745668,291
121778,United States,10/31/21,45970785,17599,745832,164
121779,United States,11/1/21,46091924,121139,747033,1201
121780,United States,,,,,